{
    "predictions": [
        {
            "labels": [
                2,
                1,
                1,
                1,
                2,
                1,
                2,
                1,
                1,
                1,
                1,
                1,
                1,
                3,
                1,
                1,
                3,
                2,
                1,
                3,
                1,
                1,
                1,
                1,
                2,
                1,
                4,
                0,
                4,
                2,
                3,
                1,
                1,
                1,
                2
            ],
            "scores": [
                0.9993833303451538,
                0.9978621602058411,
                0.994261622428894,
                0.9937833547592163,
                0.9925522804260254,
                0.9825918674468994,
                0.9672006964683533,
                0.9621552228927612,
                0.9453519582748413,
                0.9416248202323914,
                0.7233614325523376,
                0.6912584900856018,
                0.6898090839385986,
                0.6804971098899841,
                0.623938798904419,
                0.5982875823974609,
                0.5952724814414978,
                0.5273424386978149,
                0.5253071188926697,
                0.5066695213317871,
                0.5015864968299866,
                0.49855324625968933,
                0.4412088394165039,
                0.40136903524398804,
                0.3424573242664337,
                0.2090187817811966,
                0.14060980081558228,
                0.12808537483215332,
                0.1252947598695755,
                0.09932774305343628,
                0.0889497697353363,
                0.07017108052968979,
                0.0696926936507225,
                0.055617280304431915,
                0.054063621908426285
            ],
            "bboxes": [
                [
                    465.1114196777344,
                    126.22510528564453,
                    525.4742431640625,
                    176.77206420898438
                ],
                [
                    1011.1115112304688,
                    311.2265625,
                    1056.851806640625,
                    355.48809814453125
                ],
                [
                    409.80419921875,
                    137.83802795410156,
                    435.1677551269531,
                    170.1485137939453
                ],
                [
                    352.7655029296875,
                    171.2257537841797,
                    384.21795654296875,
                    207.77073669433594
                ],
                [
                    177.7000274658203,
                    901.12451171875,
                    330.0980529785156,
                    1088.0
                ],
                [
                    224.91561889648438,
                    260.8958740234375,
                    251.64974975585938,
                    290.9142761230469
                ],
                [
                    474.2860412597656,
                    95.77306365966797,
                    510.21136474609375,
                    122.26241302490234
                ],
                [
                    123.8868637084961,
                    452.132568359375,
                    161.27908325195312,
                    487.2784118652344
                ],
                [
                    167.9469757080078,
                    373.2146301269531,
                    196.45074462890625,
                    403.50958251953125
                ],
                [
                    922.624267578125,
                    215.07998657226562,
                    960.914306640625,
                    253.691162109375
                ],
                [
                    978.3145141601562,
                    277.9599304199219,
                    1022.116943359375,
                    314.61981201171875
                ],
                [
                    104.07936096191406,
                    515.545654296875,
                    142.1300811767578,
                    562.05224609375
                ],
                [
                    119.03863525390625,
                    483.3956604003906,
                    152.51129150390625,
                    512.0729370117188
                ],
                [
                    1167.3363037109375,
                    627.1661376953125,
                    1213.7335205078125,
                    655.4458618164062
                ],
                [
                    138.5458984375,
                    436.8721618652344,
                    167.1269989013672,
                    462.6997985839844
                ],
                [
                    159.2764129638672,
                    395.0015563964844,
                    189.41766357421875,
                    424.0081481933594
                ],
                [
                    140.59445190429688,
                    435.7724609375,
                    168.64349365234375,
                    464.4451904296875
                ],
                [
                    449.9716796875,
                    97.46984100341797,
                    478.86376953125,
                    121.7573013305664
                ],
                [
                    320.4991149902344,
                    173.07888793945312,
                    342.91571044921875,
                    197.8655242919922
                ],
                [
                    186.3441162109375,
                    317.5137939453125,
                    205.31663513183594,
                    343.1684265136719
                ],
                [
                    92.8586654663086,
                    779.2481079101562,
                    130.64503479003906,
                    840.4512939453125
                ],
                [
                    111.88853454589844,
                    505.3010559082031,
                    144.59288024902344,
                    540.0264892578125
                ],
                [
                    1009.7255249023438,
                    293.7723388671875,
                    1050.26220703125,
                    323.59918212890625
                ],
                [
                    145.69808959960938,
                    419.4954528808594,
                    176.5785369873047,
                    444.6185302734375
                ],
                [
                    425.5785217285156,
                    108.97374725341797,
                    450.2674865722656,
                    133.49659729003906
                ],
                [
                    1116.9527587890625,
                    792.308837890625,
                    1169.1153564453125,
                    873.973388671875
                ],
                [
                    733.4666137695312,
                    812.0828857421875,
                    987.0980834960938,
                    1083.6424560546875
                ],
                [
                    734.2317504882812,
                    811.6324462890625,
                    986.1038818359375,
                    1080.1304931640625
                ],
                [
                    171.16636657714844,
                    899.658935546875,
                    340.47100830078125,
                    1088.0
                ],
                [
                    458.1285095214844,
                    93.80009460449219,
                    519.6155395507812,
                    132.1818084716797
                ],
                [
                    164.06846618652344,
                    393.4424743652344,
                    192.27899169921875,
                    420.77178955078125
